probe_idx,gapfill,AAC,CAC
28,AAC,0.9810646330903435,0.0024721534072314534
28,CAC,0.0024721448720532633,0.9810645848898527
28,AAT,0.0024721732398877805,2.836783451736667e-08
28,AC,0.003315292044798846,0.0033058749576183166
28,C,0.00029494991942158354,0.0008198538170710456
28,CCC,2.836783451736667e-08,0.0024721732398877805
28,CC,9.27546561935948e-06,2.069135303091444e-05
28,ACC,0.0024834679382593314,1.1362731518723131e-05
28,AGC,0.0024721534072314534,2.836783451736667e-08
28,CGC,1e-09,0.002472125039396936
28,AAA,0.002480083509007629,4.820049084459794e-08
28,CAT,1.983265632723127e-08,0.002472125039396936
28,GAA,7.930101776176147e-06,1.983265632723127e-08
28,AACA,0.0033671867419323145,8.48476928559279e-06
28,CA,1.2426091871376466e-05,0.004166050078338824
28,GC,8.270249619306611e-06,9.26964973481982e-06
28,CAA,7.930101776176147e-06,0.0024721448720532633
28,GAC,0.0024721448720532633,0.002472125039396936
28,AA,0.004174309523613822,1.868673691534836e-05
